{
  "pairingNumber": "6285348168927",
  "owner": "6285348168927@s.whatsapp.net",
  "namabot": "Dii Bot - Pushkontak",
  "namaowner": "Dii Offc",
  "packname": "Sticker By",
  "author": "Dii Bot - Pushkontak",
  "thumbnail": "https://telegra.ph/file/",
  "linkgc": "https://chat.whatsapp.com/CEhwtjGZq2l7fLBbBzFsOt",
  "website": "https://lynk.id/DiiOffc",
  "qris": "https://telegra.ph/file/a9757a807c03e55e130b0.jpg",
  "autoRead": true,
  "welcome": true,
  "mess": {
    "done": "*D o n e ✅*",
    "admin": "*Fitur ini hanya untuk admin grup!*",
    "linkvalid": "*Link tautan tidak valid!*",
    "botadmin": "*Fitur ini dapat digunakan ketika bot menjadi admin grup!*",
    "owner": "*Fitur ini untuk owner bot!*",
    "bot": "*Fitur ini hanya untuk bot!*",
    "group": "*Fitur ini hanya untuk dalam grup!*",
    "private": "*Fitur ini hanya untuk dalam private chat!*",
    "wait": "*Memproses tunggu sebentar . . .*",
    "error": "*Error terjadi kesalahan!*"
  }
}